[
  {
    "photo": "lit123.jpg",
    "_id": "5e90434cd433fa11b078ed8a",
    "name": "Уран зохиол",
    "description": "Дэлхийн сонгодог уран зохиулуудаас эндээс үзээрэй!",
    "createdAt": "2020-04-10T09:58:36.412Z",
    "__v": 0
  },
  {
    "photo": "it.jpg",
    "_id": "5e90478549941f52dcb01b34",
    "name": "Програмчлал",
    "description": "Орчин үеийн вэб програмчлалыг эндээс судлаарай",
    "createdAt": "2020-04-10T10:16:37.620Z",
    "__v": 0
  },
  {
    "photo": "biz.jpg",
    "_id": "5e9047fd49941f52dcb01b35",
    "name": "Бизнес",
    "description": "Бизнесийн удирдлага, аргуудын тухай ном",
    "createdAt": "2020-04-10T10:18:37.155Z",
    "__v": 0
  },
  {
    "photo": "science.jpg",
    "_id": "5e96cc1ba816c94e009a9c9e",
    "name": "Шинжлэх ухаан",
    "description": "Квант болон сонгодог физикийн тухай шинжлэх ухааны номнууд",
    "createdAt": "2020-04-15T08:55:55.037Z",
    "__v": 0
  }
]
